episode,episode_w_T,loss_ex,loss_ex2
1000,-841.4084405899048,291.52686309814453,26163038.5
